{"cameraMode":{"drawMode":0,"name":"Shaded","section":"Shading Mode"},"sceneLighting":false,"audioPlay":false,"sceneViewState":{"m_AlwaysRefresh":false,"showFog":true,"showSkybox":false,"showFlares":true,"showImageEffects":true,"showParticleSystems":true,"showVisualEffectGraphs":true,"m_FxEnabled":true},"in2DMode":false,"pivot":{"x":344.94000244140627,"y":20.13150405883789,"z":378.30999755859377},"rotation":{"x":-0.012428795918822289,"y":-0.7111473679542542,"z":0.012194933369755745,"w":-0.7030627131462097},"size":0.8660253882408142,"orthographic":false}