{"cameraMode":{"drawMode":0,"name":"Shaded","section":"Shading Mode"},"sceneLighting":false,"audioPlay":false,"sceneViewState":{"m_AlwaysRefresh":false,"showFog":true,"showSkybox":false,"showFlares":true,"showImageEffects":true,"showParticleSystems":true,"showVisualEffectGraphs":true,"m_FxEnabled":true},"in2DMode":false,"pivot":{"x":345.45867919921877,"y":20.556331634521486,"z":382.5843505859375},"rotation":{"x":0.1977667659521103,"y":-0.08545810729265213,"z":0.017164485529065133,"w":0.9765117168426514},"size":2.6106646060943605,"orthographic":false}